Opskrift Titel;Ingrediens Navn;Raavare ID;Meny URL
Gullasch med gulerødder;Ris;ing_ris;https://meny.dk/opskrift/gullasch-guleroedder
Gullasch med gulerødder;Salt;ing_extra_43;https://meny.dk/opskrift/gullasch-guleroedder
Laks med pasta og langtidsbagte tomater, persille og kapers;Salt;ing_extra_43;https://meny.dk/opskrift/laks-pasta-og-langtidsbagte-tomater-persille-og-kapers
Græsk salat med nye kartofler;Citroner;ing_extra_6;https://meny.dk/opskrift/grask-salat-nye-kartofler
Græsk salat med nye kartofler;Iceberg Salat;ing_extra_8;https://meny.dk/opskrift/grask-salat-nye-kartofler
Græsk salat med nye kartofler;Blandet salat;ing_salat_mix;https://meny.dk/opskrift/grask-salat-nye-kartofler
Græsk salat med nye kartofler;Skåret Salatblanding;ing_salatblanding;https://meny.dk/opskrift/grask-salat-nye-kartofler
Sliders med torpedorejer og avocadocoleslaw;Salt;ing_extra_43;https://meny.dk/opskrift/sliders-torpedorejer-og-avocadocoleslaw
Sliders med torpedorejer og avocadocoleslaw;Torskefileter;ing_extra_21;https://meny.dk/opskrift/sliders-torpedorejer-og-avocadocoleslaw
Squash ‘fettuccine’ med sød kartoffelpure, bacon og gedeost;Salt;ing_extra_43;https://meny.dk/opskrift/squash-fettuccine-soed-kartoffelpure-bacon-og-gedeost
Squash ‘fettuccine’ med sød kartoffelpure, bacon og gedeost;Bacon i tern;ing_bacon;https://meny.dk/opskrift/squash-fettuccine-soed-kartoffelpure-bacon-og-gedeost
Squash ‘fettuccine’ med sød kartoffelpure, bacon og gedeost;Pancetta / Bacon i tern;ing_pancetta;https://meny.dk/opskrift/squash-fettuccine-soed-kartoffelpure-bacon-og-gedeost
Grønne frikadeller med feta, tzatziki og græske kartofler;Salt;ing_extra_43;https://meny.dk/opskrift/groenne-frikadeller-feta-tzatziki-og-graeske-kartofler
Grillet kyllingebryststeg med ristet majs, chili og forårsløg;Sorte Bønner;ing_extra_28;https://meny.dk/opskrift/grillet-kyllingebryststeg-ristet-majs-chili-og-foraarsloeg
Grillet kyllingebryststeg med ristet majs, chili og forårsløg;Frisk Koriander;ing_koriander;https://meny.dk/opskrift/grillet-kyllingebryststeg-ristet-majs-chili-og-foraarsloeg
Gris i kål med chili;Creme Fraiche;ing_cremefraiche;https://meny.dk/opskrift/gris-kaal-chili
Falafelburger med myntedressing;Æg;ing_aeg;https://meny.dk/opskrift/falafelburger-myntedressing
Falafelburger med myntedressing;Iceberg Salat;ing_extra_8;https://meny.dk/opskrift/falafelburger-myntedressing
Falafelburger med myntedressing;Frisk Persille;ing_persille;https://meny.dk/opskrift/falafelburger-myntedressing
Falafelburger med myntedressing;Blandet salat;ing_salat_mix;https://meny.dk/opskrift/falafelburger-myntedressing
Falafelburger med myntedressing;Skåret Salatblanding;ing_salatblanding;https://meny.dk/opskrift/falafelburger-myntedressing
Grillet oksecuvette med krydderiblanding og mynte-persillepesto;Kartofler;ing_extra_3;https://meny.dk/opskrift/grillet-oksecuvette-krydderiblanding-og-mynte-persillepesto
Grillet oksecuvette med krydderiblanding og mynte-persillepesto;Grønne Asparges;ing_asparges;https://meny.dk/opskrift/grillet-oksecuvette-krydderiblanding-og-mynte-persillepesto
Boller i karry med børnevenlig topping;Bouillon;ing_bouillon;https://meny.dk/opskrift/boller-karry-boernevenlig-topping
Asiatisk kyllingespyd;Sort Peber;ing_extra_44;https://meny.dk/opskrift/asiatisk-kyllingespyd
Dip med bagt hvidløg og tomater til chips;Salt;ing_extra_43;https://meny.dk/opskrift/dip-bagt-hvidlog-og-tomater-til-chips
Dip med bagt hvidløg og tomater til chips;Hakkede Tomater;ing_tomatsovs;https://meny.dk/opskrift/dip-bagt-hvidlog-og-tomater-til-chips
Indisk karrygryde med kalkun og græskar;Salt;ing_extra_43;https://meny.dk/opskrift/indisk-karrygryde-kalkun-og-graeskar
Indisk karrygryde med kalkun og græskar;Æg;ing_aeg;https://meny.dk/opskrift/indisk-karrygryde-kalkun-og-graeskar
Glutenfri focaccia med græskar, feta og rosmarin;Salt;ing_extra_43;https://meny.dk/opskrift/glutenfri-focaccia-graeskar-feta-og-rosmarin
Dorade med citron, hvidløg og persille;Olivenolie;ing_extra_31;https://meny.dk/opskrift/dorade-citron-hvidloeg-og-persille
Dorade med citron, hvidløg og persille;Æg;ing_aeg;https://meny.dk/opskrift/dorade-citron-hvidloeg-og-persille
Dorade med citron, hvidløg og persille;Citron;ing_citron;https://meny.dk/opskrift/dorade-citron-hvidloeg-og-persille
Dorade med citron, hvidløg og persille;Citroner;ing_extra_6;https://meny.dk/opskrift/dorade-citron-hvidloeg-og-persille
Ovnstegt kylling med kartofler og svampesauce;Salt;ing_extra_43;https://meny.dk/opskrift/ovnstegt-kylling-kartofler-og-svampesauce
Ovnstegt kylling med kartofler og svampesauce;Enoki Svampe;ing_enoki;https://meny.dk/opskrift/ovnstegt-kylling-kartofler-og-svampesauce
Ovnstegt kylling med kartofler og svampesauce;Torskefileter;ing_extra_21;https://meny.dk/opskrift/ovnstegt-kylling-kartofler-og-svampesauce
Grillet spidskål med urtesmør og parmesan;Parmesan;ing_parmesan;https://meny.dk/opskrift/grillet-spidskal-urtesmor-og-parmesan
madtærte med cherrytomater ricotta og mozzarella;Salt;ing_extra_43;https://meny.dk/opskrift/madtaerte-cherrytomater-ricotta-og-mozzarella
madtærte med cherrytomater ricotta og mozzarella;Parmesan;ing_parmesan;https://meny.dk/opskrift/madtaerte-cherrytomater-ricotta-og-mozzarella
Bagt kuller med rosmarinkartofler;Salt;ing_extra_43;https://meny.dk/opskrift/bagt-kuller-rosmarinkartofler
Bagt kuller med rosmarinkartofler;Æg;ing_aeg;https://meny.dk/opskrift/bagt-kuller-rosmarinkartofler
Bagt hokkaido fyldt med couscoussalat  ;Æg;ing_aeg;
Bagt hokkaido fyldt med couscoussalat  ;Citroner;ing_extra_6;
Butterdejstærte med brie, pære, rosmarin og honning;Salt;ing_extra_43;https://meny.dk/opskrift/butterdejstaerte-brie-paere-rosmarin-og-honning
Helstegt oksemørbrad med pommes anna, palmekålchips, blåbær og rødvinssauce;Æg;ing_aeg;https://meny.dk/opskrift/helstegt-oksemoerbrad-pommes-anna-palmekaalchips-blaabaer-og-roedvinssauce
Kalveculotte med pocherede grøntsager og kapersmayonnaise;Salt;ing_extra_43;https://meny.dk/opskrift/kalveculotte-pocherede-groentsager-og-kapersmayonnaise
Kalveculotte med pocherede grøntsager og kapersmayonnaise;Frisk Rosmarin;ing_rosmarin;https://meny.dk/opskrift/kalveculotte-pocherede-groentsager-og-kapersmayonnaise
Brændende kærlighed med linser;Kartofler;ing_extra_3;https://meny.dk/opskrift/brandende-karlighed-linser
Brændende kærlighed med linser;Salt;ing_extra_43;https://meny.dk/opskrift/brandende-karlighed-linser
Grillet lam med zhoug og tabouleh med majs og avocado;Citroner;ing_extra_6;https://meny.dk/opskrift/grillet-lam-zhoug-og-tabouleh-majs-og-avocado
Grillet lam med zhoug og tabouleh med majs og avocado;Lammekølle (ca. 1,5 kg);ing_lammekoelle;https://meny.dk/opskrift/grillet-lam-zhoug-og-tabouleh-majs-og-avocado
Braiseret kalvespidsbryst med urter;Koldt vand;ing_vand;https://meny.dk/opskrift/braiseret-kalvespidsbryst-urter
Svampe-bønne stroganoff med filotopping;Salt;ing_extra_43;https://meny.dk/opskrift/svampe-bonne-stroganoff-filotopping
Svampe-bønne stroganoff med filotopping;Æg;ing_aeg;https://meny.dk/opskrift/svampe-bonne-stroganoff-filotopping
Svampe-bønne stroganoff med filotopping;Østershatte;ing_oestershatte;https://meny.dk/opskrift/svampe-bonne-stroganoff-filotopping
Tacos med grillet laks, spidskålsalat og avocado;Torskefileter;ing_extra_21;https://meny.dk/opskrift/tacos-grillet-laks-spidskalsalat-avocado
Tacos med grillet laks, spidskålsalat og avocado;Fersk Laks;ing_laks;https://meny.dk/opskrift/tacos-grillet-laks-spidskalsalat-avocado
Cæsarsalat med ristet blomkål og croutoner ;Salt;ing_extra_43;
Cæsarsalat med ristet blomkål og croutoner ;Parmesan;ing_parmesan;
Cæsarsalat med ristet blomkål og croutoner ;Citroner;ing_extra_6;
Cæsarsalat med ristet blomkål og croutoner ;Iceberg Salat;ing_extra_8;
Cæsarsalat med ristet blomkål og croutoner ;Hakkede Tomater;ing_tomatsovs;
Cæsarsalat med ristet blomkål og croutoner ;Blandet salat;ing_salat_mix;
Cæsarsalat med ristet blomkål og croutoner ;Skåret Salatblanding;ing_salatblanding;
Mormors vintertarteletter;Salt;ing_extra_43;https://meny.dk/opskrift/mormors-vintertarteletter
Tærte med rødbede, gedeost og rødløg;Ris;ing_ris;https://meny.dk/opskrift/tarte-rodbede-gedeost-rodlog
Hasselback kylling med rød pesto og sauteret grønt;Æg;ing_aeg;https://meny.dk/opskrift/hasselback-kylling-roed-pesto-og-sauteret-groent
Hasselback kylling med rød pesto og sauteret grønt;Hel kylling;ing_hel_kylling;https://meny.dk/opskrift/hasselback-kylling-roed-pesto-og-sauteret-groent
Broccolipesto med sprøde rugbrødschips;Pasta;ing_pasta;https://meny.dk/opskrift/broccolipesto-sproede-rugbroedschips
Broccolipesto med sprøde rugbrødschips;Citroner;ing_extra_6;https://meny.dk/opskrift/broccolipesto-sproede-rugbroedschips
Broccolipesto med sprøde rugbrødschips;Iceberg Salat;ing_extra_8;https://meny.dk/opskrift/broccolipesto-sproede-rugbroedschips
Broccolipesto med sprøde rugbrødschips;Blandet salat;ing_salat_mix;https://meny.dk/opskrift/broccolipesto-sproede-rugbroedschips
Broccolipesto med sprøde rugbrødschips;Skåret Salatblanding;ing_salatblanding;https://meny.dk/opskrift/broccolipesto-sproede-rugbroedschips
Græsk-inspireret lammekølle;Kartofler;ing_extra_3;https://meny.dk/opskrift/graesk-inspireret-lammekoelle
Græsk-inspireret lammekølle;Æg;ing_aeg;https://meny.dk/opskrift/graesk-inspireret-lammekoelle
Græsk-inspireret lammekølle;Tomater (Danske);ing_extra_1;https://meny.dk/opskrift/graesk-inspireret-lammekoelle
Græsk-inspireret lammekølle;Citroner;ing_extra_6;https://meny.dk/opskrift/graesk-inspireret-lammekoelle
Græsk-inspireret lammekølle;Hakkede Tomater;ing_tomatsovs;https://meny.dk/opskrift/graesk-inspireret-lammekoelle
Græsk-inspireret lammekølle;Friske Tomater;ing_tomat;https://meny.dk/opskrift/graesk-inspireret-lammekoelle
Ramen med smilende æg, boghvedenudler og sprød topping;Gulerødder;ing_extra_4;https://meny.dk/opskrift/ramen-smilende-ag-boghvedenudler-og-sprod-topping
Ramen med smilende æg, boghvedenudler og sprød topping;Frisk Koriander;ing_koriander;https://meny.dk/opskrift/ramen-smilende-ag-boghvedenudler-og-sprod-topping
Ramen med smilende æg, boghvedenudler og sprød topping;Koldt vand;ing_vand;https://meny.dk/opskrift/ramen-smilende-ag-boghvedenudler-og-sprod-topping
Ramen med smilende æg, boghvedenudler og sprød topping;Enoki Svampe;ing_enoki;https://meny.dk/opskrift/ramen-smilende-ag-boghvedenudler-og-sprod-topping
Langtidsstegt lammekølle med rosmarin & rodfrugter;Kartofler;ing_extra_3;https://meny.dk/opskrift/langtidsstegt-lammekoelle-rosmarin-rodfrugter
Langtidsstegt lammekølle med rosmarin & rodfrugter;Salt;ing_extra_43;https://meny.dk/opskrift/langtidsstegt-lammekoelle-rosmarin-rodfrugter
Langtidsstegt lammekølle med rosmarin & rodfrugter;Æg;ing_aeg;https://meny.dk/opskrift/langtidsstegt-lammekoelle-rosmarin-rodfrugter
Langtidsstegt lammekølle med rosmarin & rodfrugter;Citroner;ing_extra_6;https://meny.dk/opskrift/langtidsstegt-lammekoelle-rosmarin-rodfrugter
Hindbærcheesecake;Æg;ing_aeg;https://meny.dk/opskrift/hindbarcheesecake
Hindbærcheesecake;Koldt vand;ing_vand;https://meny.dk/opskrift/hindbarcheesecake
Hindbærcheesecake;Citroner;ing_extra_6;https://meny.dk/opskrift/hindbarcheesecake
Bagt kartoffel med linsechili, korianderdressing og ost;Gulerødder;ing_extra_4;https://meny.dk/opskrift/bagt-kartoffel-med-linsechili-korianderdressing-og-ost
Gulerodsboller;Gulerødder;ing_extra_4;https://meny.dk/opskrift/gulerodsboller
Culottesteg med cajun rub og spicy grillet majs;Salt;ing_extra_43;https://meny.dk/opskrift/culottesteg-med-cajun-rub-og-spicy-grillet-majs
Butterdejssnegle med Jarlsberg® og rosmarin;Kanelsnegle;ing_extra_38;https://meny.dk/opskrift/butterdejssnegle-jarlsberg-og-rosmarin
Butterdejssnegle med Jarlsberg® og rosmarin;Salt;ing_extra_43;https://meny.dk/opskrift/butterdejssnegle-jarlsberg-og-rosmarin
Butterdejssnegle med Jarlsberg® og rosmarin;Æg;ing_aeg;https://meny.dk/opskrift/butterdejssnegle-jarlsberg-og-rosmarin
Grillede tortillas med krydrede kødboller, creme fraiche og rødløg;Hakket Kalv og Flæsk;ing_extra_15;https://meny.dk/opskrift/grillede-tortillas-krydrede-koedboller-creme-fraiche-og-roedloeg
Grillede tortillas med krydrede kødboller, creme fraiche og rødløg;Tortillas;ing_tortillas;https://meny.dk/opskrift/grillede-tortillas-krydrede-koedboller-creme-fraiche-og-roedloeg
Grillede tortillas med krydrede kødboller, creme fraiche og rødløg;Hakket Gris & Kalv;ing_hakket_gris_kalv;https://meny.dk/opskrift/grillede-tortillas-krydrede-koedboller-creme-fraiche-og-roedloeg
Braiseret hjerte med stegte æbler, kål og linser;Salt;ing_extra_43;https://meny.dk/opskrift/braiseret-hjerte-stegte-aebler-kaal-og-linser
Braiseret hjerte med stegte æbler, kål og linser;Koldt vand;ing_vand;https://meny.dk/opskrift/braiseret-hjerte-stegte-aebler-kaal-og-linser
Grillpakker med kuller og kryddersmør;Salt;ing_extra_43;https://meny.dk/opskrift/grillpakker-kuller-og-kryddersmoer
Tærte med laks, Anicia linser og spinat;Tærtedej;ing_taertedej;https://meny.dk/opskrift/tarte-laks-anicia-linser-spinat
Tærte med laks, Anicia linser og spinat;Salt;ing_extra_43;https://meny.dk/opskrift/tarte-laks-anicia-linser-spinat
Tærte med laks, Anicia linser og spinat;Torskefileter;ing_extra_21;https://meny.dk/opskrift/tarte-laks-anicia-linser-spinat
Banan-chokoladepandekager;Ahornsirup;ing_ahornsirup;https://meny.dk/opskrift/banan-chokoladepandekager
Grillet majs med cremet bacontopping;Sort Peber;ing_extra_44;https://meny.dk/opskrift/grillet-majs-cremet-bacontopping
Crostini med parmaskinke og nektarin;Skinketern;ing_extra_17;https://meny.dk/opskrift/crostini-med-parmaskinke-og-nektarin
Grønkålssalat med klementindressing;Salt;ing_extra_43;https://meny.dk/opskrift/groenkaalssalat-klementindressing
Grillet culotte med hvidløgs-pebermix;Pasta;ing_pasta;https://meny.dk/opskrift/grillet-culotte-hvidloegs-pebermix
Fuldkornspebernødder med chokoladebund;Æg;ing_aeg;https://meny.dk/opskrift/fuldkornspebernoedder-chokoladebund
Fuldkornspebernødder med chokoladebund;Gode Brunchpølser;ing_pølser;https://meny.dk/opskrift/fuldkornspebernoedder-chokoladebund
Grillet flæskestegssandwich;Salt;ing_extra_43;https://meny.dk/opskrift/grillet-flaskestegssandwich
Grillet flæskestegssandwich;Iceberg Salat;ing_extra_8;https://meny.dk/opskrift/grillet-flaskestegssandwich
Grillet flæskestegssandwich;Blandet salat;ing_salat_mix;https://meny.dk/opskrift/grillet-flaskestegssandwich
Grillet flæskestegssandwich;Skåret Salatblanding;ing_salatblanding;https://meny.dk/opskrift/grillet-flaskestegssandwich
Salat af grillede tomater med gedeostebrød;Salt;ing_extra_43;https://meny.dk/opskrift/salat-grillede-tomater-gedeostebroed
Salat af grillede tomater med gedeostebrød;Æg;ing_aeg;https://meny.dk/opskrift/salat-grillede-tomater-gedeostebroed
Salat af grillede tomater med gedeostebrød;Iceberg Salat;ing_extra_8;https://meny.dk/opskrift/salat-grillede-tomater-gedeostebroed
Salat af grillede tomater med gedeostebrød;Blandet salat;ing_salat_mix;https://meny.dk/opskrift/salat-grillede-tomater-gedeostebroed
Salat af grillede tomater med gedeostebrød;Skåret Salatblanding;ing_salatblanding;https://meny.dk/opskrift/salat-grillede-tomater-gedeostebroed
Krydrede kødboller med frisk pasta og tomatsauce;Hakket Kalv og Flæsk;ing_extra_15;https://meny.dk/opskrift/krydrede-koedboller-frisk-pasta-og-tomatsauce
Krydrede kødboller med frisk pasta og tomatsauce;Pasta;ing_pasta;https://meny.dk/opskrift/krydrede-koedboller-frisk-pasta-og-tomatsauce
Krydrede kødboller med frisk pasta og tomatsauce;Frisk Pasta;ing_frisk_pasta;https://meny.dk/opskrift/krydrede-koedboller-frisk-pasta-og-tomatsauce
Krydrede kødboller med frisk pasta og tomatsauce;Hakket Gris & Kalv;ing_hakket_gris_kalv;https://meny.dk/opskrift/krydrede-koedboller-frisk-pasta-og-tomatsauce
Glutenfri pizza med kartofler;Kartofler;ing_extra_3;https://meny.dk/opskrift/glutenfri-pizza-kartofler
Muslinger med dijonsauce;Salt;ing_extra_43;https://meny.dk/opskrift/muslinger-dijonsauce
Muslinger med dijonsauce;Torskefileter;ing_extra_21;https://meny.dk/opskrift/muslinger-dijonsauce
Små juletærter med frugt og chokolade;Tærtedej;ing_taertedej;https://meny.dk/opskrift/smaa-juletaerter-frugt-og-chokolade
Tex-mex burger med cheddar, majs-avocado salat og salsa;Salt;ing_extra_43;https://meny.dk/opskrift/tex-mex-burger-cheddar-majs-avocado-salat-salsa
Tex-mex burger med cheddar, majs-avocado salat og salsa;Æg;ing_aeg;https://meny.dk/opskrift/tex-mex-burger-cheddar-majs-avocado-salat-salsa
Tex-mex burger med cheddar, majs-avocado salat og salsa;Iceberg Salat;ing_extra_8;https://meny.dk/opskrift/tex-mex-burger-cheddar-majs-avocado-salat-salsa
Tex-mex burger med cheddar, majs-avocado salat og salsa;Blandet salat;ing_salat_mix;https://meny.dk/opskrift/tex-mex-burger-cheddar-majs-avocado-salat-salsa
Tex-mex burger med cheddar, majs-avocado salat og salsa;Skåret Salatblanding;ing_salatblanding;https://meny.dk/opskrift/tex-mex-burger-cheddar-majs-avocado-salat-salsa
Frikadelleburger med rødbede-slaw;Hakket Kalv og Flæsk;ing_extra_15;https://meny.dk/opskrift/frikadelleburger-roedbede-slaw
Frikadelleburger med rødbede-slaw;Hakket Gris & Kalv;ing_hakket_gris_kalv;https://meny.dk/opskrift/frikadelleburger-roedbede-slaw
Saftig wokret med skinketern;Skinketern;ing_extra_17;https://meny.dk/opskrift/saftig-wokret-skinketern
Thai salat med peanuts, risnudler og roastbeef;Koldt vand;ing_vand;https://meny.dk/opskrift/thai-salat-peanuts-risnudler-og-roastbeef
Thai salat med peanuts, risnudler og roastbeef;Iceberg Salat;ing_extra_8;https://meny.dk/opskrift/thai-salat-peanuts-risnudler-og-roastbeef
Thai salat med peanuts, risnudler og roastbeef;Blandet salat;ing_salat_mix;https://meny.dk/opskrift/thai-salat-peanuts-risnudler-og-roastbeef
Thai salat med peanuts, risnudler og roastbeef;Skåret Salatblanding;ing_salatblanding;https://meny.dk/opskrift/thai-salat-peanuts-risnudler-og-roastbeef
Rejer i hvidløg;Æg;ing_aeg;https://meny.dk/opskrift/rejer-hvidloeg
Rejer i hvidløg;Blandet salat;ing_salat_mix;https://meny.dk/opskrift/rejer-hvidloeg
Rejer i hvidløg;Iceberg Salat;ing_extra_8;https://meny.dk/opskrift/rejer-hvidloeg
Rejer i hvidløg;Skåret Salatblanding;ing_salatblanding;https://meny.dk/opskrift/rejer-hvidloeg
Rejer i hvidløg;Torskefileter;ing_extra_21;https://meny.dk/opskrift/rejer-hvidloeg
Cremet fiskesuppe med laks, kartofler og dild;Salt;ing_extra_43;https://meny.dk/opskrift/cremet-fiskesuppe-laks-kartofler-og-dild
Cremet fiskesuppe med laks, kartofler og dild;Fersk Laks;ing_laks;https://meny.dk/opskrift/cremet-fiskesuppe-laks-kartofler-og-dild
Høstsild med ­løvstikke;Kartofler;ing_extra_3;https://meny.dk/opskrift/hoestsild-loevstikke
Høstsild med ­løvstikke;Salt;ing_extra_43;https://meny.dk/opskrift/hoestsild-loevstikke
Høstsild med ­løvstikke;Torskefileter;ing_extra_21;https://meny.dk/opskrift/hoestsild-loevstikke
Græske kødboller med bagte tomater feta og fladbrød;Salt;ing_extra_43;https://meny.dk/opskrift/graske-kodboller-bagte-tomater-feta-og-fladbrod
Græske kødboller med bagte tomater feta og fladbrød;Hakkede Tomater;ing_tomatsovs;https://meny.dk/opskrift/graske-kodboller-bagte-tomater-feta-og-fladbrod
Apple pie med cheddardej;Frisk Ingefær;ing_extra_12;https://meny.dk/opskrift/apple-pie-cheddardej
Chili con carne;Salt;ing_extra_43;https://meny.dk/opskrift/chili-con-carne
Chili con carne;Sort Peber;ing_extra_44;https://meny.dk/opskrift/chili-con-carne
Chili con carne;Hakket Oksekød;ing_hakket_okse;https://meny.dk/opskrift/chili-con-carne
Chili con carne;Løg;ing_loeg;https://meny.dk/opskrift/chili-con-carne
Chili con carne;Hvidløg;ing_extra_11;https://meny.dk/opskrift/chili-con-carne
Chili con carne;Tomater (Danske);ing_extra_1;https://meny.dk/opskrift/chili-con-carne
Chili con carne;Hakkede Tomater;ing_tomatsovs;https://meny.dk/opskrift/chili-con-carne
Chili con carne;Friske Tomater;ing_tomat;https://meny.dk/opskrift/chili-con-carne
Chili con carne;Frisk Chili;ing_frisk_chili;https://meny.dk/opskrift/chili-con-carne
Chili con carne;Bacon i tern;ing_bacon;https://meny.dk/opskrift/chili-con-carne
Chili con carne;Pancetta / Bacon i tern;ing_pancetta;https://meny.dk/opskrift/chili-con-carne
Chili con carne;Hakket oksekød (8-14%);ing_extra_20;https://meny.dk/opskrift/chili-con-carne
Grissini med olivenolie;Æg;ing_aeg;https://meny.dk/opskrift/grissini-olivenolie
Rødspætte med majssalsa;Salt;ing_extra_43;https://meny.dk/opskrift/roedspaette-majssalsa
Rødspætte med majssalsa;Æg;ing_aeg;https://meny.dk/opskrift/roedspaette-majssalsa
Rødspætte med majssalsa;Citroner;ing_extra_6;https://meny.dk/opskrift/roedspaette-majssalsa
Rødspætte med majssalsa;Torskefileter;ing_extra_21;https://meny.dk/opskrift/roedspaette-majssalsa
Kyllingedeller på citrongræsspyd;Blandet salat;ing_salat_mix;https://meny.dk/opskrift/kyllingedeller-paa-citrongraesspyd
Kyllingedeller på citrongræsspyd;Iceberg Salat;ing_extra_8;https://meny.dk/opskrift/kyllingedeller-paa-citrongraesspyd
Kyllingedeller på citrongræsspyd;Skåret Salatblanding;ing_salatblanding;https://meny.dk/opskrift/kyllingedeller-paa-citrongraesspyd
Grillet kulmule med søde kartofler, grønne asparges og basilikumspesto;Torskefileter;ing_extra_21;https://meny.dk/opskrift/grillet-kulmule-soede-kartofler-groenne-asparges-og-basilikumspesto
Kylling med tomat, citron og oliven;Æg;ing_aeg;https://meny.dk/opskrift/kylling-tomat-citron-og-oliven
Kylling med tomat, citron og oliven;Citroner;ing_extra_6;https://meny.dk/opskrift/kylling-tomat-citron-og-oliven
Kylling med tomat, citron og oliven;Hel kylling;ing_hel_kylling;https://meny.dk/opskrift/kylling-tomat-citron-og-oliven
Pasta Pomodoro;Pasta;ing_pasta;https://meny.dk/opskrift/pasta-pomodoro
Græskar-, æble- og klementinchutney;Klementiner;ing_klementiner;https://meny.dk/opskrift/graeskar-aeble-og-klementinchutney
Dhal;Ris;ing_ris;https://meny.dk/opskrift/dhal
Grillet blomkål med kogte nye kartofler, urteyoghurt og brunet sojasmør;Æg;ing_aeg;https://meny.dk/opskrift/grillet-blomkal-kogte-nye-kartofler-urteyoghurt-og-brunet-sojasmor
Grillet blomkål med kogte nye kartofler, urteyoghurt og brunet sojasmør;Citroner;ing_extra_6;https://meny.dk/opskrift/grillet-blomkal-kogte-nye-kartofler-urteyoghurt-og-brunet-sojasmor
Grillet blomkål med kogte nye kartofler, urteyoghurt og brunet sojasmør;Fersk Laks;ing_laks;https://meny.dk/opskrift/grillet-blomkal-kogte-nye-kartofler-urteyoghurt-og-brunet-sojasmor
Helstegt and med æble, tranebær og rosmarin;Salt;ing_extra_43;https://meny.dk/opskrift/helstegt-and-aeble-tranebaer-og-rosmarin-0
Helstegt and med æble, tranebær og rosmarin;Bacon i tern;ing_bacon;https://meny.dk/opskrift/helstegt-and-aeble-tranebaer-og-rosmarin-0
Helstegt and med æble, tranebær og rosmarin;Pancetta / Bacon i tern;ing_pancetta;https://meny.dk/opskrift/helstegt-and-aeble-tranebaer-og-rosmarin-0
Traditionelle æbleskiver med kanel og æbletern;Citroner;ing_extra_6;https://meny.dk/opskrift/traditionelle-aebleskiver-kanel-og-aebletern
Fiskefrikadeller med fennikelsalat;Fennikel;ing_fennikel;https://meny.dk/opskrift/fiskefrikadeller-fennikelsalat
Glutenfrit mørkt rugbrød;Mørkt Rugbrød;ing_extra_34;https://meny.dk/opskrift/glutenfrit-moerkt-rugbroed
1 grunddej - 3 slags spændende småkager;Æg;ing_aeg;https://meny.dk/opskrift/1-grunddej-3-slags-spaendende-smaakager-0
BBQ-marinade;Salt;ing_extra_43;https://meny.dk/opskrift/bbq-marinade
Hvidkålssalat med æble, spinatdressing og bacon;Æg;ing_aeg;https://meny.dk/opskrift/hvidkalssalat-med-able-spinatdressing-og-bacon
Hvidkålssalat med æble, spinatdressing og bacon;Citroner;ing_extra_6;https://meny.dk/opskrift/hvidkalssalat-med-able-spinatdressing-og-bacon
Hvidkålssalat med æble, spinatdressing og bacon;Frisk Persille;ing_persille;https://meny.dk/opskrift/hvidkalssalat-med-able-spinatdressing-og-bacon
Hvidløgsmarinade;Svinekoteletter;ing_extra_13;https://meny.dk/opskrift/hvidloegsmarinade
Hvidløgsmarinade;Svinemørbrad;ing_svinemoerbrad;https://meny.dk/opskrift/hvidloegsmarinade
Hvidløgsmarinade;Kyllingebryst;ing_kyllingebryst;https://meny.dk/opskrift/hvidloegsmarinade
Hvidløgsmarinade;Hel kylling;ing_hel_kylling;https://meny.dk/opskrift/hvidloegsmarinade
Kanelsnegle;Kanelsnegle;ing_extra_38;https://meny.dk/opskrift/kanelsnegle
Aspargeskartofler med granatæblekerner og sprød parmaskinke;Salt;ing_extra_43;https://meny.dk/opskrift/aspargeskartofler-granataeblekerner-og-sproed-parmaskinke
Aspargeskartofler med granatæblekerner og sprød parmaskinke;Koldt vand;ing_vand;https://meny.dk/opskrift/aspargeskartofler-granataeblekerner-og-sproed-parmaskinke
Cremet pasta med kylling, fennikel og tomat;Salt;ing_extra_43;https://meny.dk/opskrift/cremet-pasta-kylling-fennikel-og-tomat
Cremet pasta med kylling, fennikel og tomat;Løg;ing_loeg;https://meny.dk/opskrift/cremet-pasta-kylling-fennikel-og-tomat
Cremet pasta med kylling, fennikel og tomat;Gulerødder;ing_extra_4;https://meny.dk/opskrift/cremet-pasta-kylling-fennikel-og-tomat
Cremet pasta med kylling, fennikel og tomat;Hakkede Tomater;ing_tomatsovs;https://meny.dk/opskrift/cremet-pasta-kylling-fennikel-og-tomat
Avocado-mangosalat med cashewnødder og hytteost;Oregano;ing_extra_46;https://meny.dk/opskrift/avocado-mangosalat-cashewnoedder-og-hytteost
Fasan i cremet bourbonsauce med salvie, bacon og æble ;Salt;ing_extra_43;
Fasan i cremet bourbonsauce med salvie, bacon og æble ;Æg;ing_aeg;
Fasan i cremet bourbonsauce med salvie, bacon og æble ;Bacon i tern;ing_bacon;
Fasan i cremet bourbonsauce med salvie, bacon og æble ;Pancetta / Bacon i tern;ing_pancetta;
Grillede krabbeklør med aioli og lime;Koldt vand;ing_vand;https://meny.dk/opskrift/grillede-krabbekloer-aioli-og-lime
Hummus med krydrede kødboller og spidskålsalat;Salt;ing_extra_43;https://meny.dk/opskrift/hummus-krydrede-kodboller-og-spidskalsalat
Hummus med krydrede kødboller og spidskålsalat;Citroner;ing_extra_6;https://meny.dk/opskrift/hummus-krydrede-kodboller-og-spidskalsalat
Hummus med krydrede kødboller og spidskålsalat;Iceberg Salat;ing_extra_8;https://meny.dk/opskrift/hummus-krydrede-kodboller-og-spidskalsalat
Hummus med krydrede kødboller og spidskålsalat;Blandet salat;ing_salat_mix;https://meny.dk/opskrift/hummus-krydrede-kodboller-og-spidskalsalat
Hummus med krydrede kødboller og spidskålsalat;Skåret Salatblanding;ing_salatblanding;https://meny.dk/opskrift/hummus-krydrede-kodboller-og-spidskalsalat
Hjemmelavede hotdogs med grønne asparges og rejesalat;Koldt vand;ing_vand;https://meny.dk/opskrift/hjemmelavede-hotdogs-groenne-asparges-og-rejesalat
Hjemmelavede hotdogs med grønne asparges og rejesalat;Citroner;ing_extra_6;https://meny.dk/opskrift/hjemmelavede-hotdogs-groenne-asparges-og-rejesalat
Hjemmelavede hotdogs med grønne asparges og rejesalat;Gode Brunchpølser;ing_pølser;https://meny.dk/opskrift/hjemmelavede-hotdogs-groenne-asparges-og-rejesalat
Hønsesalat med æble og valnødder;Franskbrød;ing_extra_36;https://meny.dk/opskrift/hoensesalat-aeble-og-valnoedder
Hønsesalat med æble og valnødder;Salt;ing_extra_43;https://meny.dk/opskrift/hoensesalat-aeble-og-valnoedder
Hønsesalat med æble og valnødder;Kyllingebryst;ing_kyllingebryst;https://meny.dk/opskrift/hoensesalat-aeble-og-valnoedder
Hønsesalat med æble og valnødder;Hel kylling;ing_hel_kylling;https://meny.dk/opskrift/hoensesalat-aeble-og-valnoedder
Fyldte aubergineruller;Salt;ing_extra_43;https://meny.dk/opskrift/fyldte-aubergineruller
Fyldte aubergineruller;Æg;ing_aeg;https://meny.dk/opskrift/fyldte-aubergineruller
Gratinerede auberginer;Salt;ing_extra_43;https://meny.dk/opskrift/gratinerede-auberginer
Cremet tomatsuppe med ristede auberginer;Salt;ing_extra_43;https://meny.dk/opskrift/cremet-tomatsuppe-ristede-auberginer
Grøn aspargessuppe med grillede aspargeshoveder;Salt;ing_extra_43;https://meny.dk/opskrift/groen-aspargessuppe-grillede-aspargeshoveder
Grillet grisemørbrad med pinjekerner og parmaskinke;Æg;ing_aeg;https://meny.dk/opskrift/grillet-grisemoerbrad-pinjekerner-og-parmaskinke
Mormors rødkål med æble, appelsin og solbærsaft;Salt;ing_extra_43;https://meny.dk/opskrift/mormors-roedkaal-aeble-appelsin-og-solbaersaft
Mormors rødkål med æble, appelsin og solbærsaft;Sukker;ing_extra_30;https://meny.dk/opskrift/mormors-roedkaal-aeble-appelsin-og-solbaersaft
Minestrone med kål, pancetta, kikærter og pasta;Salt;ing_extra_43;https://meny.dk/opskrift/minestrone-med-kal-pancetta-kikarter-og-pasta
Nakkefilet à la normande;Salt;ing_extra_43;https://meny.dk/opskrift/nakkefilet-la-normande
Nakkefilet à la normande;Æg;ing_aeg;https://meny.dk/opskrift/nakkefilet-la-normande
Gin & Tonic med brombær og timian;Æg;ing_aeg;https://meny.dk/opskrift/gin-tonic-brombaer-og-timian
Nem tærte med squash, oliven og mozzarella;Salt;ing_extra_43;https://meny.dk/opskrift/nem-taerte-squash-oliven-og-mozzarella
Nem tærte med squash, oliven og mozzarella;Æg;ing_aeg;https://meny.dk/opskrift/nem-taerte-squash-oliven-og-mozzarella
Nem tærte med squash, oliven og mozzarella;Frisk Chili;ing_frisk_chili;https://meny.dk/opskrift/nem-taerte-squash-oliven-og-mozzarella
Butterchicken med kikærter, basmatiris, broccoli og limemarineret rødkål;Salt;ing_extra_43;https://meny.dk/opskrift/butterchicken-kikarter-basmatiris-broccoli-og-limemarineret-rodkal
Butterchicken med kikærter, basmatiris, broccoli og limemarineret rødkål;Hakkede Tomater;ing_tomatsovs;https://meny.dk/opskrift/butterchicken-kikarter-basmatiris-broccoli-og-limemarineret-rodkal
Butterchicken med kikærter, basmatiris, broccoli og limemarineret rødkål;Æg;ing_aeg;https://meny.dk/opskrift/butterchicken-kikarter-basmatiris-broccoli-og-limemarineret-rodkal
Butterchicken med kikærter, basmatiris, broccoli og limemarineret rødkål;Tomater (Danske);ing_extra_1;https://meny.dk/opskrift/butterchicken-kikarter-basmatiris-broccoli-og-limemarineret-rodkal
Butterchicken med kikærter, basmatiris, broccoli og limemarineret rødkål;Friske Tomater;ing_tomat;https://meny.dk/opskrift/butterchicken-kikarter-basmatiris-broccoli-og-limemarineret-rodkal
Butterchicken med kikærter, basmatiris, broccoli og limemarineret rødkål;Frisk Chili;ing_frisk_chili;https://meny.dk/opskrift/butterchicken-kikarter-basmatiris-broccoli-og-limemarineret-rodkal
Nakkekoteletter med nem BBQ-sauce og bagte kartofler med purløgsdressing;Salt;ing_extra_43;https://meny.dk/opskrift/nakkekoteletter-nem-bbq-sauce-og-bagte-kartofler-purloegsdressing
Nakkekoteletter med nem BBQ-sauce og bagte kartofler med purløgsdressing;Sort Peber;ing_extra_44;https://meny.dk/opskrift/nakkekoteletter-nem-bbq-sauce-og-bagte-kartofler-purloegsdressing
Nakkekoteletter med nem BBQ-sauce og bagte kartofler med purløgsdressing;Æg;ing_aeg;https://meny.dk/opskrift/nakkekoteletter-nem-bbq-sauce-og-bagte-kartofler-purloegsdressing
Lun peach melba-salat med skinke og gedeost;Salt;ing_extra_43;https://meny.dk/opskrift/lun-peach-melba-salat-skinke-og-gedeost
Lun peach melba-salat med skinke og gedeost;Skåret Salatblanding;ing_salatblanding;https://meny.dk/opskrift/lun-peach-melba-salat-skinke-og-gedeost
Lun peach melba-salat med skinke og gedeost;Skinketern;ing_extra_17;https://meny.dk/opskrift/lun-peach-melba-salat-skinke-og-gedeost
Marry me Chicken (Kylling i cremet sauce med soltørret tomat);Salt;ing_extra_43;https://meny.dk/opskrift/marry-me-chicken-kylling-i-cremet-sauce-soltorret-tomat-
Marry me Chicken (Kylling i cremet sauce med soltørret tomat);Æg;ing_aeg;https://meny.dk/opskrift/marry-me-chicken-kylling-i-cremet-sauce-soltorret-tomat-
Marry me Chicken (Kylling i cremet sauce med soltørret tomat);Parmesan;ing_parmesan;https://meny.dk/opskrift/marry-me-chicken-kylling-i-cremet-sauce-soltorret-tomat-
Marry me Chicken (Kylling i cremet sauce med soltørret tomat);Frisk Persille;ing_persille;https://meny.dk/opskrift/marry-me-chicken-kylling-i-cremet-sauce-soltorret-tomat-
Marry me Chicken (Kylling i cremet sauce med soltørret tomat);Hel kylling;ing_hel_kylling;https://meny.dk/opskrift/marry-me-chicken-kylling-i-cremet-sauce-soltorret-tomat-
Fishburger med avocadosalat;Salt;ing_extra_43;https://meny.dk/opskrift/fishburger-avocadosalat
Fishburger med avocadosalat;Æg;ing_aeg;https://meny.dk/opskrift/fishburger-avocadosalat
Fishburger med avocadosalat;Torskefileter;ing_extra_21;https://meny.dk/opskrift/fishburger-avocadosalat
Porchetta med salvie, citron og persille;Æg;ing_aeg;https://meny.dk/opskrift/porchetta-salvie-citron-og-persille
Porchetta med salvie, citron og persille;Citron;ing_citron;https://meny.dk/opskrift/porchetta-salvie-citron-og-persille
Porchetta med salvie, citron og persille;Citroner;ing_extra_6;https://meny.dk/opskrift/porchetta-salvie-citron-og-persille
Oreo mumie-cakepops;Æg;ing_aeg;https://meny.dk/opskrift/oreo-mumie-cakepops
Oreo mumie-cakepops;Sukker;ing_extra_30;https://meny.dk/opskrift/oreo-mumie-cakepops
Agurkesandwich med citron-estragonsmør;Salt;ing_extra_43;https://meny.dk/opskrift/agurkesandwich-citron-estragonsmoer
Agurkesandwich med citron-estragonsmør;Citron;ing_citron;https://meny.dk/opskrift/agurkesandwich-citron-estragonsmoer
Agurkesandwich med citron-estragonsmør;Citroner;ing_extra_6;https://meny.dk/opskrift/agurkesandwich-citron-estragonsmoer
Råmarinerede dildsild med akvavit og fennikel;Æg;ing_aeg;https://meny.dk/opskrift/raamarinerede-dildsild-akvavit-og-fennikel
Ribeye med saltbagte kartofler, grønne asparges og kryddersmør;Salt;ing_extra_43;https://meny.dk/opskrift/ribeye-saltbagte-kartofler-groenne-asparges-og-kryddersmoer
Ribeye med saltbagte kartofler, grønne asparges og kryddersmør;Æg;ing_aeg;https://meny.dk/opskrift/ribeye-saltbagte-kartofler-groenne-asparges-og-kryddersmoer
Rodfrugtrøsti med koriander-avocado-creme og frisk tomatsalsa;Salt;ing_extra_43;https://meny.dk/opskrift/rodfrugtroesti-koriander-avocado-creme-og-frisk-tomatsalsa
Samosa med kyllingefyld og raita;Æg;ing_aeg;https://meny.dk/opskrift/samosa-kyllingefyld-og-raita
Oksecuvette med juletwist og julesalat;Æg;ing_aeg;https://meny.dk/opskrift/oksecuvette-juletwist-og-julesalat
Oksecuvette med juletwist og julesalat;Klementiner;ing_klementiner;https://meny.dk/opskrift/oksecuvette-juletwist-og-julesalat
Pasta aglio e olio med ost, citron og pistacienødder;Pasta;ing_pasta;https://meny.dk/opskrift/pasta-aglio-e-olio-ost-citron-og-pistacienodder
Pasta aglio e olio med ost, citron og pistacienødder;Revet Ost;ing_ost;https://meny.dk/opskrift/pasta-aglio-e-olio-ost-citron-og-pistacienodder
Buddha bowl med spicy kartofler og avocadodressing ;Iceberg Salat;ing_extra_8;
Buddha bowl med spicy kartofler og avocadodressing ;Frisk Spinat;ing_extra_9;
Buddha bowl med spicy kartofler og avocadodressing ;Blandet salat;ing_salat_mix;
Buddha bowl med spicy kartofler og avocadodressing ;Skåret Salatblanding;ing_salatblanding;
Grillede skaftkoteletter med nye kartofler og salsa af tomat og jordbær;Salt;ing_extra_43;https://meny.dk/opskrift/grillede-skaftkoteletter-med-nye-kartofler-og-salsa-af-tomat-og-jordbar
Grillede skaftkoteletter med nye kartofler og salsa af tomat og jordbær;Citroner;ing_extra_6;https://meny.dk/opskrift/grillede-skaftkoteletter-med-nye-kartofler-og-salsa-af-tomat-og-jordbar
Grillede skaftkoteletter med nye kartofler og salsa af tomat og jordbær;Hakkede Tomater;ing_tomatsovs;https://meny.dk/opskrift/grillede-skaftkoteletter-med-nye-kartofler-og-salsa-af-tomat-og-jordbar
Grøn salat med blåbær og appelsin;Salt;ing_extra_43;https://meny.dk/opskrift/gron-salat-blabar-og-appelsin
Grøn salat med blåbær og appelsin;Koldt vand;ing_vand;https://meny.dk/opskrift/gron-salat-blabar-og-appelsin
Grøn salat med blåbær og appelsin;Skåret Salatblanding;ing_salatblanding;https://meny.dk/opskrift/gron-salat-blabar-og-appelsin
Grønne wraps med sprøde falafler og cremet fetadressing;Salt;ing_extra_43;https://meny.dk/opskrift/groenne-wraps-sproede-falafler-og-cremet-fetadressing
Grønne wraps med sprøde falafler og cremet fetadressing;Forårsløg;ing_foraarssloeg;https://meny.dk/opskrift/groenne-wraps-sproede-falafler-og-cremet-fetadressing
Grønne wraps med sprøde falafler og cremet fetadressing;Chilipulver;ing_chili;https://meny.dk/opskrift/groenne-wraps-sproede-falafler-og-cremet-fetadressing
Grønne wraps med sprøde falafler og cremet fetadressing;Løg;ing_loeg;https://meny.dk/opskrift/groenne-wraps-sproede-falafler-og-cremet-fetadressing
Grønne wraps med sprøde falafler og cremet fetadressing;Citroner;ing_extra_6;https://meny.dk/opskrift/groenne-wraps-sproede-falafler-og-cremet-fetadressing
Grønne wraps med sprøde falafler og cremet fetadressing;Frisk Chili;ing_frisk_chili;https://meny.dk/opskrift/groenne-wraps-sproede-falafler-og-cremet-fetadressing
Asiatisk marinerede stegeben med frisk salat og peanutdressing;Spidskål;ing_spidskaal;https://meny.dk/opskrift/asiatisk-marinerede-stegeben-frisk-salat-og-peanutdressing
Asiatisk marinerede stegeben med frisk salat og peanutdressing;Iceberg Salat;ing_extra_8;https://meny.dk/opskrift/asiatisk-marinerede-stegeben-frisk-salat-og-peanutdressing
Asiatisk marinerede stegeben med frisk salat og peanutdressing;Blandet salat;ing_salat_mix;https://meny.dk/opskrift/asiatisk-marinerede-stegeben-frisk-salat-og-peanutdressing
Asiatisk marinerede stegeben med frisk salat og peanutdressing;Skåret Salatblanding;ing_salatblanding;https://meny.dk/opskrift/asiatisk-marinerede-stegeben-frisk-salat-og-peanutdressing
Grillet aubergine- og squashsalat med salatost i tern;Koldt vand;ing_vand;https://meny.dk/opskrift/grillet-aubergine-og-squashsalat-salatost-tern
Grillet aubergine- og squashsalat med salatost i tern;Iceberg Salat;ing_extra_8;https://meny.dk/opskrift/grillet-aubergine-og-squashsalat-salatost-tern
Grillet aubergine- og squashsalat med salatost i tern;Blandet salat;ing_salat_mix;https://meny.dk/opskrift/grillet-aubergine-og-squashsalat-salatost-tern
Grillet aubergine- og squashsalat med salatost i tern;Skåret Salatblanding;ing_salatblanding;https://meny.dk/opskrift/grillet-aubergine-og-squashsalat-salatost-tern
Grillede majskolber med salsa fresca, feta og honning-tabascomarinade;Æg;ing_aeg;https://meny.dk/opskrift/grillede-majskolber-med-salsa-fresca-feta-og-honning-tabascomarinade
Grillet hel rødspætte med kartoffelsalat;Salt;ing_extra_43;https://meny.dk/opskrift/grillet-hel-roedspaette-kartoffelsalat
Grillet hel rødspætte med kartoffelsalat;Æg;ing_aeg;https://meny.dk/opskrift/grillet-hel-roedspaette-kartoffelsalat
Grillet hel rødspætte med kartoffelsalat;Koldt vand;ing_vand;https://meny.dk/opskrift/grillet-hel-roedspaette-kartoffelsalat
Helstegt kylling på kartoffel-porrebund;Salt;ing_extra_43;https://meny.dk/opskrift/helstegt-kylling-paa-kartoffel-porrebund
Helstegt kylling på kartoffel-porrebund;Æg;ing_aeg;https://meny.dk/opskrift/helstegt-kylling-paa-kartoffel-porrebund
Grillet medister med serranoskinke, italiensk kartoffelsalat og asparges;Citroner;ing_extra_6;https://meny.dk/opskrift/grillet-medister-serranoskinke-italiensk-kartoffelsalat-og-asparges
Grillet medister med serranoskinke, italiensk kartoffelsalat og asparges;Æg;ing_aeg;https://meny.dk/opskrift/grillet-medister-serranoskinke-italiensk-kartoffelsalat-og-asparges
Bagekartofler med rødbedetzatziki, sprøde rødbedechips og purløg;Æg;ing_aeg;https://meny.dk/opskrift/bagekartofler-roedbedetzatziki-sproede-roedbedechips-og-purloeg
Bagekartofler med rødbedetzatziki, sprøde rødbedechips og purløg;Koldt vand;ing_vand;https://meny.dk/opskrift/bagekartofler-roedbedetzatziki-sproede-roedbedechips-og-purloeg
Grillet T-bone med majs-ribs, grønt og bearnaisesauce;Salt;ing_extra_43;https://meny.dk/opskrift/grillet-t-bone-majs-ribs-gront-og-bearnaisesauce
Salat af brombær, enoki svampe, æbler, hjertesalat og flydende ramsløg;Enoki Svampe;ing_enoki;https://meny.dk/opskrift/salat-brombaer-enoki-svampe-aebler-hjertesalat-og-flydende-ramsloeg
Salat af brombær, enoki svampe, æbler, hjertesalat og flydende ramsløg;Iceberg Salat;ing_extra_8;https://meny.dk/opskrift/salat-brombaer-enoki-svampe-aebler-hjertesalat-og-flydende-ramsloeg
Salat af brombær, enoki svampe, æbler, hjertesalat og flydende ramsløg;Blandet salat;ing_salat_mix;https://meny.dk/opskrift/salat-brombaer-enoki-svampe-aebler-hjertesalat-og-flydende-ramsloeg
Salat af brombær, enoki svampe, æbler, hjertesalat og flydende ramsløg;Skåret Salatblanding;ing_salatblanding;https://meny.dk/opskrift/salat-brombaer-enoki-svampe-aebler-hjertesalat-og-flydende-ramsloeg
Salat af brombær, enoki svampe, æbler, hjertesalat og flydende ramsløg;Østershatte;ing_oestershatte;https://meny.dk/opskrift/salat-brombaer-enoki-svampe-aebler-hjertesalat-og-flydende-ramsloeg
Asparges hotdog med skagenröre i brioche;Æg;ing_aeg;https://meny.dk/opskrift/asparges-hotdog-skagenrore-i-brioche
Asparges hotdog med skagenröre i brioche;Citroner;ing_extra_6;https://meny.dk/opskrift/asparges-hotdog-skagenrore-i-brioche
Grillet ribeye med knuste kartofler, parmesanost og ærtepuré;Kartofler;ing_extra_3;https://meny.dk/opskrift/grillet-ribeye-knuste-kartofler-parmesanost-og-aertepure
Grillet ribeye med knuste kartofler, parmesanost og ærtepuré;Salt;ing_extra_43;https://meny.dk/opskrift/grillet-ribeye-knuste-kartofler-parmesanost-og-aertepure
Grillet ribeye med knuste kartofler, parmesanost og ærtepuré;Frisk Rosmarin;ing_rosmarin;https://meny.dk/opskrift/grillet-ribeye-knuste-kartofler-parmesanost-og-aertepure
Grillet ribeye med knuste kartofler, parmesanost og ærtepuré;Parmesan;ing_parmesan;https://meny.dk/opskrift/grillet-ribeye-knuste-kartofler-parmesanost-og-aertepure
Grillet ribeye med knuste kartofler, parmesanost og ærtepuré;Citroner;ing_extra_6;https://meny.dk/opskrift/grillet-ribeye-knuste-kartofler-parmesanost-og-aertepure
Grisemørbrad med forårsløg og asparges;Citroner;ing_extra_6;https://meny.dk/opskrift/grisemoerbrad-foraarsloeg-og-asparges
Menuierestegt rødspætte med pastinak i grov sennepscreme;Salt;ing_extra_43;https://meny.dk/opskrift/menuierestegt-roedspaette-pastinak-grov-sennepscreme
Menuierestegt rødspætte med pastinak i grov sennepscreme;Citron;ing_citron;https://meny.dk/opskrift/menuierestegt-roedspaette-pastinak-grov-sennepscreme
Menuierestegt rødspætte med pastinak i grov sennepscreme;Citroner;ing_extra_6;https://meny.dk/opskrift/menuierestegt-roedspaette-pastinak-grov-sennepscreme
Menuierestegt rødspætte med pastinak i grov sennepscreme;Frisk Persille;ing_persille;https://meny.dk/opskrift/menuierestegt-roedspaette-pastinak-grov-sennepscreme
Menuierestegt rødspætte med pastinak i grov sennepscreme;Torskefileter;ing_extra_21;https://meny.dk/opskrift/menuierestegt-roedspaette-pastinak-grov-sennepscreme
Fransk kylling med grillede små kartofler;Kyllingebryst;ing_kyllingebryst;https://meny.dk/opskrift/fransk-kylling-grillede-smaa-kartofler
Fransk kylling med grillede små kartofler;Iceberg Salat;ing_extra_8;https://meny.dk/opskrift/fransk-kylling-grillede-smaa-kartofler
Fransk kylling med grillede små kartofler;Blandet salat;ing_salat_mix;https://meny.dk/opskrift/fransk-kylling-grillede-smaa-kartofler
Fransk kylling med grillede små kartofler;Skåret Salatblanding;ing_salatblanding;https://meny.dk/opskrift/fransk-kylling-grillede-smaa-kartofler
Barbecuesandwich;Salt;ing_extra_43;https://meny.dk/opskrift/barbecuesandwich
Barbecuesandwich;Kartofler;ing_extra_3;https://meny.dk/opskrift/barbecuesandwich
Barbecuesandwich;Skåret Salatblanding;ing_salatblanding;https://meny.dk/opskrift/barbecuesandwich
Grillede grøntsager naan-sandwich med linse-hummus;Salt;ing_extra_43;https://meny.dk/opskrift/grillede-groentsager-naan-sandwich-linse-hummus
Grillede grøntsager naan-sandwich med linse-hummus;Æg;ing_aeg;https://meny.dk/opskrift/grillede-groentsager-naan-sandwich-linse-hummus
Grillede grøntsager naan-sandwich med linse-hummus;Citroner;ing_extra_6;https://meny.dk/opskrift/grillede-groentsager-naan-sandwich-linse-hummus
Grillet laks med spidskåls-tzatziki med forårsløg og ærter;Koldt vand;ing_vand;https://meny.dk/opskrift/grillet-laks-spidskaals-tzatziki-foraarsloeg-og-aerter
Grillet laks med spidskåls-tzatziki med forårsløg og ærter;Citroner;ing_extra_6;https://meny.dk/opskrift/grillet-laks-spidskaals-tzatziki-foraarsloeg-og-aerter
Grillet laks med spidskåls-tzatziki med forårsløg og ærter;Fersk Laks;ing_laks;https://meny.dk/opskrift/grillet-laks-spidskaals-tzatziki-foraarsloeg-og-aerter
Bondesalat med kogte kartofler, pocheret æg, croutoner, grønkål og grøn mayo;Salt;ing_extra_43;https://meny.dk/opskrift/bondesalat-kogte-kartofler-pocheret-aeg-croutoner-groenkaal-og-groen-mayo
Bondesalat med kogte kartofler, pocheret æg, croutoner, grønkål og grøn mayo;Mayonnaise;ing_mayonnaise;https://meny.dk/opskrift/bondesalat-kogte-kartofler-pocheret-aeg-croutoner-groenkaal-og-groen-mayo
Bondesalat med kogte kartofler, pocheret æg, croutoner, grønkål og grøn mayo;Citroner;ing_extra_6;https://meny.dk/opskrift/bondesalat-kogte-kartofler-pocheret-aeg-croutoner-groenkaal-og-groen-mayo
Pull apart bread med parmesan, hvidløg og persille;Hvedemel;ing_extra_29;https://meny.dk/opskrift/pull-apart-bread-parmesan-hvidloeg-og-persille
Pull apart bread med parmesan, hvidløg og persille;Parmesan;ing_parmesan;https://meny.dk/opskrift/pull-apart-bread-parmesan-hvidloeg-og-persille
Granatæble Fizz;Citroner;ing_extra_6;https://meny.dk/opskrift/granatable-fizz
Grillet salat med Cardini’s Caesar dressing;Salt;ing_extra_43;https://meny.dk/opskrift/grillet-salat-cardinis-caesar-dressing
Grillet salat med Cardini’s Caesar dressing;Kyllingebryst;ing_kyllingebryst;https://meny.dk/opskrift/grillet-salat-cardinis-caesar-dressing
Grillet salat med Cardini’s Caesar dressing;Iceberg Salat;ing_extra_8;https://meny.dk/opskrift/grillet-salat-cardinis-caesar-dressing
Grillet salat med Cardini’s Caesar dressing;Blandet salat;ing_salat_mix;https://meny.dk/opskrift/grillet-salat-cardinis-caesar-dressing
Grillet salat med Cardini’s Caesar dressing;Skåret Salatblanding;ing_salatblanding;https://meny.dk/opskrift/grillet-salat-cardinis-caesar-dressing
Grillet salat med Cardini’s Caesar dressing;Hel kylling;ing_hel_kylling;https://meny.dk/opskrift/grillet-salat-cardinis-caesar-dressing
Cheesecake med citron og brombær;Citroner;ing_extra_6;https://meny.dk/opskrift/cheesecake-citron-og-brombaer
Asiatisk wok med mørbrad af gris, ægnudler, kål, forårsløg og cashewnødder;Svinemørbrad;ing_svinemoerbrad;https://meny.dk/opskrift/asiatisk-wok-med-morbrad-af-gris-agnudler-kal-forarslog-og-cashewnodder
Brunchtallerken med æg, brie og søde kartofler;Citroner;ing_extra_6;https://meny.dk/opskrift/brunchtallerken
Nye kartofler med avocado aioli;Salt;ing_extra_43;https://meny.dk/opskrift/nye-kartofler-avocado-aioli
Nye kartofler med avocado aioli;Mayonnaise;ing_mayonnaise;https://meny.dk/opskrift/nye-kartofler-avocado-aioli
Nye kartofler med avocado aioli;Citroner;ing_extra_6;https://meny.dk/opskrift/nye-kartofler-avocado-aioli
Bulgursalat med tahindressing - vegansk fra Mia Sommer;Æg;ing_aeg;https://meny.dk/opskrift/bulgursalat-tahindressing-vegansk-mia-sommer
Ristede asparges med hvidløgsdrys og citron;Salt;ing_extra_43;https://meny.dk/opskrift/ristede-asparges-hvidloegsdrys-og-citron
Grillet flanksteak med nem bbq marinade, chiliflutes og grillet majs;Citroner;ing_extra_6;https://meny.dk/opskrift/grillet-flanksteak-nem-bbq-marinade-chiliflutes-og-grillet-majs
Coq au vin;Salt;ing_extra_43;https://meny.dk/opskrift/coq-au-vin
Coq au vin;Kyllingebryst;ing_kyllingebryst;https://meny.dk/opskrift/coq-au-vin
Coq au vin;Bacon i tern;ing_bacon;https://meny.dk/opskrift/coq-au-vin
Coq au vin;Pancetta / Bacon i tern;ing_pancetta;https://meny.dk/opskrift/coq-au-vin
Coq au vin;Hel kylling;ing_hel_kylling;https://meny.dk/opskrift/coq-au-vin
